name,credit_card_number,credit_card_provider,credit_card_security_code,credit_card_expire
Adam Espinoza,6011999004040157,Discover,139,05/28
Megan Marsh,373524041321181,American Express,683,11/22
Darren Hall,3557703365891043,Mastercard,323,10/31
Juan Silva,213183417710792,American Express,810,10/27
Justin Ford,4409436007834,VISA 16 digit,337,10/24
Wendy Jones,30580237393363,American Express,362,10/27
Stephanie Davila,3533864270957656,Mastercard,962,09/29
Victoria Rogers,2226062434175448,Mastercard,0771,12/23
Julie Reyes,2414668644791469,VISA 13 digit,870,03/27
Jennifer Fischer,060448364392,JCB 15 digit,166,06/24
Susan Hernandez,3560298178240731,Maestro,505,03/29
Christopher Duke,30403574678728,VISA 16 digit,258,08/23
Anne Vargas,4121193400729199,JCB 16 digit,839,05/24
Norma Olson,6557370723677358,VISA 16 digit,261,06/28
Gregory Franklin,4632245930206908,VISA 16 digit,439,05/29
Anne Barrett,2226512526372576,Discover,389,08/31
Sheri Malone,6577372690296200,Mastercard,246,05/30
Mario Meyer,4846791396320,JCB 15 digit,663,05/28
Holly Sanchez,3535117780068698,VISA 19 digit,976,09/23
Michael Palmer,630414023600,Discover,496,06/31
Cheryl Pratt,4290057975262213133,JCB 16 digit,730,08/22
Zoe Hernandez,6585454606233707,VISA 13 digit,8476,09/31
Jonathan Davis,30061343425662,VISA 19 digit,132,01/27
Sara Evans,4568217216284,JCB 16 digit,934,12/28
John Espinoza,580480527762,VISA 19 digit,0677,07/22
Chase Pena,348619113152365,Mastercard,439,05/23
Ryan Martinez,2296480228561638,JCB 16 digit,104,01/31
Raymond Dixon,3502490642556047,JCB 16 digit,6814,02/23
Darlene Mendoza,3589806090083067,JCB 16 digit,017,03/31
Jeremy Grant,373862165676091,VISA 16 digit,033,09/26
Susan Duran,3525919308754846,Discover,943,07/26
Tamara Cooper,30591552267983,Discover,153,11/30
Katrina Johnson,374407788625502,JCB 16 digit,534,08/29
Jacob Gibson,213198636932662,VISA 16 digit,449,10/28
Terry Palmer,3533125104483941,VISA 19 digit,033,02/27
Allison Aguilar,30285806227105,JCB 15 digit,337,06/29
Jacob Robinson,6597799064725610,Diners Club / Carte Blanche,704,10/25
Maria Stephenson,4785662613035,Discover,044,08/23
Renee Lopez,4208542229542,Mastercard,183,09/29
William Coleman,213181064199483,JCB 16 digit,893,12/24
Andres Lopez,30588707786628,VISA 16 digit,236,02/23
Allison Huff,30403515882363,Maestro,385,02/23
Benjamin Graham,3578203632674095,Maestro,563,09/29
Julie Alvarado,5124587839684848,JCB 16 digit,532,01/24
Aaron Zimmerman,4628703180393959626,VISA 13 digit,8014,06/27
Henry Rodriguez,3569633516971582,VISA 16 digit,073,03/28
Keith Rogers,30457767721349,Diners Club / Carte Blanche,692,08/27
Brian Stone,4156070868608834,JCB 15 digit,962,08/26
Javier Steele,4955897195047,JCB 16 digit,139,09/29
Robert Heath,4311283034142784,American Express,550,06/24
Teresa Edwards,346230193584618,VISA 19 digit,569,04/24
Charles Brewer,4830705426715392560,VISA 13 digit,9788,09/25
Rebecca Maxwell,6596803104877034,VISA 16 digit,513,09/26
David Grant,6011298505088157,VISA 19 digit,696,10/22
Tracy Marshall,2712022514463891,American Express,0508,01/25
Laura Smith,2422372761279354,JCB 16 digit,580,04/24
James Ruiz,6011816212477189,JCB 16 digit,7320,11/26
Mary Marks,38208349300819,Mastercard,042,06/23
Patrick Dyer,675909023698,American Express,159,05/22
Javier Johnson,589391177989,American Express,557,02/23
Melinda Meadows,213154755627633,Mastercard,339,01/26
Shelia Hoffman,4447025326637,Maestro,068,07/28
Patrick Wallace,373644939382481,JCB 16 digit,499,03/26
Mark Reed,30054175795666,JCB 16 digit,366,05/31
Wayne Moore,4952403570813,VISA 16 digit,795,05/27
Matthew Pearson,4136977646710887,American Express,375,07/30
Kimberly Ramos,4461619991679332992,VISA 16 digit,6666,05/28
Kenneth Day PhD,180092517274964,VISA 19 digit,997,10/24
Tony Kirk,180065073854585,Diners Club / Carte Blanche,015,06/31
Miss Susan Cook,4340064611345429,Maestro,672,07/25
Kelly Jones,4568570771302806326,American Express,386,10/25
Luis Rojas,4818651552011,American Express,607,10/29
Jennifer Cook,4127557679736662565,JCB 16 digit,750,08/26
Leah Hansen,3597596066674920,Discover,291,07/29
Shannon Ortiz,676386352121,VISA 19 digit,062,10/28
Adam Lee,4798428574933440292,American Express,228,08/23
John Lopez,6011972623460395,VISA 19 digit,313,07/28
Cheryl Freeman,4975650366283668363,VISA 16 digit,093,11/25
James Nelson,5412070005013200,VISA 19 digit,799,07/27
Gail Rose,4461819057659978,VISA 16 digit,076,04/30
Tonya Hernandez,4518516866121793,JCB 16 digit,061,01/27
Misty Porter,574736806179,VISA 16 digit,104,02/32
April Weiss,4667799899314374,Discover,219,12/23
Tina Sweeney,630483344838,American Express,562,05/30
Charles Glover,502021463885,VISA 16 digit,692,12/24
Zachary Martinez,4893183303537456,VISA 19 digit,294,04/27
Holly Lee,2221493320971563,Mastercard,831,04/31
Michael Brown,344626733410986,JCB 16 digit,718,09/23
Lisa Stephens,4572323606083729,VISA 16 digit,824,08/26
Mckenzie Gray,676333740444,VISA 16 digit,909,02/23
Thomas Fernandez,213197017525939,VISA 16 digit,284,07/27
Alejandro Gates,3535067278764532,Mastercard,046,01/23
Jonathan Mcfarland,6011683412172683,VISA 13 digit,599,12/26
Sarah Rocha,213109609585239,JCB 16 digit,201,10/28
Lisa Rivera,4371501912509210762,JCB 16 digit,252,04/29
Kenneth Coffey,4810692160680,JCB 15 digit,239,04/31
Gregory Martinez,180074546151314,Discover,384,04/31
Christine Sharp,3546402258433807,JCB 16 digit,538,04/28
Lori Kelley,639009934956,JCB 16 digit,4505,10/25
Richard Ponce,371863530123308,JCB 16 digit,059,02/32
Nicholas Pierce,4737199316902530173,American Express,063,04/28
Diana Fuller,3585018175822534,JCB 16 digit,476,01/27
Anna Shaffer,348047003437052,VISA 16 digit,390,12/25
Ashley Thomas,213159842339530,Diners Club / Carte Blanche,447,08/24
Omar Huang,4086571241756,VISA 19 digit,8875,07/31
Lauren Obrien,4786212448196900,JCB 16 digit,236,02/24
Caitlyn Hale,30135447855352,Mastercard,962,04/28
Autumn Reyes,30320752733192,JCB 16 digit,536,12/26
Keith Miller,4267028800449127911,JCB 15 digit,981,07/22
Michael Campbell,375488921837278,Mastercard,259,11/26
Patricia Nguyen,180086953935898,Diners Club / Carte Blanche,052,11/27
Bryan Avila,38561000685138,American Express,961,08/28
Trevor Morales,675960823622,VISA 19 digit,515,11/29
Zachary Cooper,2229559009447455,VISA 16 digit,413,07/27
Stephen Jones,4606751994708350,Discover,539,03/30
Reginald Cole,3569171151397342,VISA 19 digit,2232,09/29
Suzanne Vincent,4788644726304129,Diners Club / Carte Blanche,676,04/27
Ms. Lauren Brown DVM,503868155816,VISA 19 digit,748,11/25
Elizabeth Collins,4685222414031658023,VISA 19 digit,892,10/28
Benjamin Jarvis,4163168159503507,Discover,871,06/23
Heather Munoz,4119144315638250,Diners Club / Carte Blanche,680,08/23
Nicole Fernandez,4695276500603,VISA 16 digit,056,07/30
Kara Sweeney,501889095060,American Express,760,04/28
Regina Wyatt,6011257414925123,Diners Club / Carte Blanche,372,08/28
Deborah Douglas,4054992880558437,VISA 19 digit,460,11/28
Michael Murphy,3522015549542448,Maestro,556,07/24
Rachel Wiggins,560721881640,Discover,0019,12/30
Patrick Houston,30490405606085,VISA 16 digit,970,11/28
Vincent Jackson,3537016895496893,Diners Club / Carte Blanche,190,03/32
Donald Sims,6564629033210049,JCB 16 digit,838,10/28
Joshua Alvarez,30212941699998,JCB 16 digit,183,09/26
Richard King,2285750975339450,Maestro,880,05/24
Haley Powers,180017272123114,JCB 16 digit,088,04/27
Amber Daniels,3545944215891123,JCB 16 digit,794,09/29
Christian Jones,4100854766386064684,VISA 16 digit,504,05/31
Jesse Mathis,6563784843785010,VISA 16 digit,839,05/25
John Reynolds,4942552907098,VISA 13 digit,508,08/29
Keith Anderson,3575710734405692,JCB 15 digit,652,02/24
Miguel Smith,213161500349207,Diners Club / Carte Blanche,146,07/23
Denise Mason,4932655273094040954,American Express,427,05/30
Shannon Kelly,4177680576432197,JCB 15 digit,434,09/28
John Daugherty,6011166200909136,VISA 13 digit,798,02/27
Sara Williams,3562906570965139,VISA 16 digit,951,04/23
Megan Wilson,3554359196678449,JCB 16 digit,843,01/28
Julie Lawson,30318001508779,Mastercard,443,02/32
Benjamin Walters,6546697505024209,Diners Club / Carte Blanche,079,01/26
Antonio Guerrero,502057937950,VISA 13 digit,889,08/25
Timothy Cole,4991516614785218,Maestro,113,11/27
Toni Williams,180095636431639,VISA 13 digit,807,02/25
April Santos,340348953414994,Mastercard,643,08/22
Jennifer English,4943223777010893,American Express,458,08/27
Nicholas Lewis,3569355036270366,Discover,375,05/29
Chloe Hernandez,180097955699440,Maestro,030,12/26
Kathryn Hall,4467503652510,VISA 13 digit,201,05/30
Heather Chaney,4396175087699,JCB 16 digit,2859,08/30
Morgan Oconnor,3544921228272641,Discover,125,07/28
Shawn Flores,4851652174888248,Discover,6628,05/23
Brian Hooper,2281239106294085,VISA 13 digit,036,01/29
Jeremy Hurst,4219093490729799,Diners Club / Carte Blanche,951,05/24
Jonathan Robles,4093742799378189642,JCB 15 digit,736,09/30
Andrew Navarro,4147096478869575,Diners Club / Carte Blanche,323,10/26
Kathleen Aguirre,3536544591951011,JCB 15 digit,882,08/22
John Lawrence,4100215526836262864,JCB 16 digit,394,01/24
Jennifer Meyer,4146549506827099,VISA 13 digit,789,07/23
Jason Ibarra,36843894864397,Discover,3371,10/23
Michael Wilkerson,4121995284432868,VISA 16 digit,216,07/31
Jacqueline Dennis,4911093619602472,Discover,298,01/30
Dominique Sims,2459115130991787,Mastercard,602,05/29
Kathryn Small,4686845164224397,American Express,812,05/29
Linda Holmes,3519874704079595,VISA 16 digit,5533,02/31
Michael Davis,3596265416966003,Diners Club / Carte Blanche,1178,10/30
Kyle Wilson,30036391800560,VISA 13 digit,017,04/28
Tabitha Ayala,4413770041226573,Diners Club / Carte Blanche,454,10/30
Justin Burke,6503258911530825,JCB 16 digit,410,05/22
Matthew Johnson,4408096331229,Diners Club / Carte Blanche,959,11/22
Joseph Huber,4069093503571817,JCB 16 digit,155,06/26
Amanda Franklin,30433163122515,JCB 15 digit,982,04/25
Sandra Rivera,180003263226686,Mastercard,287,05/27
Gary Byrd,2290691779137638,Maestro,494,09/27
Matthew Beltran,30220076145976,Diners Club / Carte Blanche,160,06/26
Michael Davis,4612708162926557514,VISA 16 digit,043,12/29
Cody Brown,3505685110380377,Diners Club / Carte Blanche,0196,11/22
Michael Brown,4825086497092470708,JCB 15 digit,924,08/30
Michael Carr,3554488478159362,Maestro,277,12/22
Alexander White,4648665928158,VISA 19 digit,795,10/30
James Hernandez,4288315424513759,Discover,100,05/31
Stephanie Garcia,3502639852464298,JCB 15 digit,049,07/30
Jesse Hill,3587893531709049,Maestro,739,02/30
Lisa Bennett,4266012045704562,VISA 16 digit,687,12/29
Alejandro Sullivan,375830315115789,VISA 13 digit,256,11/30
Michelle Morales,4368168838923159709,VISA 13 digit,848,12/31
Elizabeth Thomas,3543180551611211,Maestro,492,03/26
Paula Fitzgerald,180085274874133,Diners Club / Carte Blanche,856,01/32
Bruce Fuller,2704898624580819,VISA 16 digit,666,07/24
Morgan Evans,6521329743900557,JCB 15 digit,265,07/23
Aaron Turner,639075969142,Discover,114,11/25
Vanessa Stevens,5559576283661042,Mastercard,193,10/29
Felicia Mullins,4077359551425,JCB 16 digit,991,10/29
Frank Patterson,213193069534218,Maestro,547,01/30
Ann Hernandez,4168708650750,JCB 16 digit,114,10/24
